row_type,condition,perturbation,seed,n_runs,episodes,mean_score,first_block_score,final_block_score,success_rate,generalization_score,state_similarity,kl_A_receiver,kl_A_sender,kl_B_receiver,kl_B_sender,persistence_A,persistence_B,fam_A_familiar,fam_A_unfamiliar,fam_B_familiar,fam_B_unfamiliar,curve_0,curve_1,curve_2,curve_3,curve_4,curve_5,curve_6,curve_7,curve_8,curve_9,sd_final_block_score,sd_success_rate
run,full,none,1,1,120,0.507024,0.397619,0.65496,0.416667,0.608333,0.79645,0.896692,1.11534,0.721215,1.57599,14.0,14.0,0.841701,0.841489,0.757802,0.748644,0.364286,0.430952,0.636111,0.344841,0.516667,0.358333,0.542063,0.567063,0.656746,0.653175,,
run,full,none,2,1,120,0.346706,0.122619,0.493055,0.258333,0.479762,0.684075,0.737241,1.159828,0.717653,0.870166,13.0,12.0,0.772073,0.778754,0.75013,0.763884,0.080556,0.164683,0.266667,0.442857,0.319841,0.269841,0.247222,0.689286,0.469444,0.516667,,
run,full,none,3,1,120,0.459246,0.367857,0.48631,0.391667,0.6375,0.742214,0.580831,1.073984,0.589997,1.187665,12.0,14.0,0.66032,0.652435,0.676876,0.707896,0.34246,0.393254,0.45,0.444444,0.33373,0.477778,0.627778,0.550397,0.355952,0.616667,,
run,full,none,4,1,120,0.634722,0.63373,0.576587,0.583333,0.679167,0.815638,0.870445,1.212529,0.667529,1.507811,12.0,10.0,0.812487,0.82221,0.712028,0.693758,0.711111,0.556349,0.689286,0.619444,0.792063,0.650794,0.666667,0.508333,0.625397,0.527778,,
run,full,none,5,1,120,0.545198,0.249603,0.675397,0.483333,0.758929,0.699256,0.702308,1.977923,0.744677,1.257257,0.0,3.0,0.727628,0.743628,0.718102,0.717628,0.276191,0.223016,0.636111,0.711111,0.738889,0.409127,0.564683,0.542063,0.738889,0.611905,,
run,full,none,6,1,120,0.495556,0.228968,0.777778,0.433333,0.595833,0.741563,0.700456,1.206046,0.753903,1.098412,9.0,9.0,0.751021,0.760864,0.751667,0.719316,0.153968,0.303968,0.434127,0.406349,0.383333,0.513889,0.487302,0.717063,0.75,0.805555,,
run,full,none,7,1,120,0.597619,0.518452,0.689286,0.541667,0.679167,0.77759,0.749551,1.228106,0.533847,1.578411,12.0,12.0,0.749179,0.738393,0.640444,0.641814,0.467063,0.569841,0.586508,0.597619,0.445238,0.445238,0.85,0.636111,0.714683,0.663889,,
run,full,none,8,1,120,0.528651,0.257937,0.612698,0.491667,0.679167,0.557769,0.847191,1.234063,0.861743,1.511952,15.0,12.0,0.811342,0.765038,0.808706,0.757939,0.128572,0.387302,0.616667,0.572222,0.767857,0.470635,0.603572,0.514286,0.30873,0.916667,,
run,full,none,9,1,120,0.596627,0.423611,0.844643,0.55,0.771429,0.728778,0.724081,1.54964,0.890034,1.444039,7.0,12.0,0.715738,0.738868,0.802286,0.788552,0.497222,0.35,0.375,0.567064,0.636111,0.545635,0.466667,0.839286,0.925,0.764286,,
run,full,none,10,1,120,0.489365,0.450198,0.584921,0.433333,0.658929,0.612174,0.615213,1.525114,0.887426,1.255627,10.0,5.0,0.678921,0.676727,0.816862,0.801142,0.23373,0.666667,0.438889,0.318254,0.49246,0.467064,0.616667,0.490079,0.405556,0.764286,,
aggregate,full,none,,10,,,,0.639563,0.458333,,,,,,,,,,,,,0.325516,0.404603,0.512937,0.502421,0.542619,0.460833,0.567262,0.605397,0.59504,0.684088,0.114397,0.094363
